Season,Casa,Visitante
2026,Mogi,Corinthians
2026,Caxias do Sul Basquete,Cruzeiro
2026,UNIFACISA,Basket Osasco
2026,Flamengo,Bauru
2026,Franca,São José
2026,União Corinthians,Cruzeiro
2026,UNIFACISA,Pinheiros
2026,Caxias do Sul Basquete,Minas
2026,Basquete Cearense,Basket Osasco
2026,Flamengo,Botafogo
2026,Bauru,São José
2026,Franca,Mogi
2026,Pato Basquete,Paulistano
2026,União Corinthians,Minas
2026,Basquete Cearense,Pinheiros
2026,Brasília,Corinthians
2026,Bauru,Mogi
2026,Brasília,Paulistano
2026,Pato Basquete,Botafogo
2026,Corinthians,Franca
2026,Mogi,UNIFACISA
2026,Minas,Pato Basquete
2026,Cruzeiro,Brasília
2026,Pinheiros,União Corinthians
2026,Paulistano,Franca
2026,São José,UNIFACISA
2026,Botafogo,Caxias do Sul Basquete
2026,Minas,Brasília
2026,Cruzeiro,Pato Basquete
2026,Basket Osasco,Pinheiros
2026,Paulistano,Bauru
2026,Botafogo,União Corinthians
2026,Flamengo,Caxias do Sul Basquete
2026,Flamengo,União Corinthians
2026,Pinheiros,Caxias do Sul Basquete
2026,Brasília,Botafogo
2026,São José,Basquete Cearense
2026,Bauru,Cruzeiro
2026,Franca,Minas
2026,UNIFACISA,Paulistano
2026,Mogi,Basquete Cearense
2026,Brasília,Flamengo
2026,Bauru,Minas
2026,Franca,Cruzeiro
2026,Basket Osasco,São José
2026,UNIFACISA,Corinthians
2026,Basquete Cearense,Paulistano
2026,Pinheiros,São José
2026,Caxias do Sul Basquete,Brasília
2026,Pato Basquete,Flamengo
2026,Pato Basquete,Bauru
2026,União Corinthians,Brasília
2026,Basquete Cearense,Corinthians
2026,Pinheiros,Mogi
2026,Flamengo,Franca
2026,Minas,UNIFACISA
2026,Caxias do Sul Basquete,Pato Basquete
2026,Botafogo,Franca
2026,Corinthians,Pinheiros
2026,Basket Osasco,Mogi
2026,Cruzeiro,UNIFACISA
2026,São José,Paulistano
2026,Corinthians,Basket Osasco
2026,União Corinthians,Pato Basquete
2026,Minas,Basquete Cearense
2026,Cruzeiro,Basquete Cearense
2026,São José,Mogi
2026,UNIFACISA,Botafogo
2026,Corinthians,Paulistano
2026,Franca,Caxias do Sul Basquete
2026,Pato Basquete,Corinthians
2026,UNIFACISA,Flamengo
2026,Pinheiros,Cruzeiro
2026,Basket Osasco,Minas
2026,Franca,União Corinthians
2026,Bauru,Caxias do Sul Basquete
2026,Basquete Cearense,Botafogo
2026,Pinheiros,Minas
2026,Basket Osasco,Cruzeiro
2026,Basquete Cearense,Flamengo
2026,São José,Corinthians
2026,Brasília,Pato Basquete
2026,Mogi,Paulistano
2026,Bauru,União Corinthians
2026,Franca,Bauru
2026,Pato Basquete,Pinheiros
2026,Caxias do Sul Basquete,UNIFACISA
2026,União Corinthians,Basquete Cearense
2026,São José,Botafogo
2026,Paulistano,Basket Osasco
2026,Cruzeiro,Minas
2026,Caxias do Sul Basquete,Basquete Cearense
2026,União Corinthians,UNIFACISA
2026,Paulistano,Pinheiros
2026,Pato Basquete,Franca
2026,Minas,São José
2026,Cruzeiro,São José
2026,Basket Osasco,União Corinthians
2026,Basquete Cearense,Pato Basquete
2026,Botafogo,Bauru
2026,UNIFACISA,Brasília
2026,Mogi,Flamengo
2026,Basket Osasco,Caxias do Sul Basquete
2026,Corinthians,Bauru
2026,São José,Flamengo
2026,Mogi,Botafogo
2026,Pato Basquete,Basket Osasco
2026,Basquete Cearense,Brasília
2026,Caxias do Sul Basquete,União Corinthians
2026,Botafogo,Paulistano
2026,Flamengo,Corinthians
2026,Bauru,UNIFACISA
2026,Cruzeiro,Mogi
2026,Brasília,Basket Osasco
2026,União Corinthians,São José
2026,Botafogo,Corinthians
2026,Flamengo,Paulistano
2026,Minas,Mogi
2026,Bauru,Basquete Cearense
2026,Franca,UNIFACISA
2026,Brasília,Pinheiros
2026,Caxias do Sul Basquete,São José
2026,Franca,Basquete Cearense
2026,Caxias do Sul Basquete,Mogi
2026,Paulistano,Minas
2026,Botafogo,Pinheiros
2026,Flamengo,Basket Osasco
2026,Corinthians,Cruzeiro
2026,Brasília,Bauru
2026,UNIFACISA,Pato Basquete
2026,União Corinthians,Mogi
2026,Paulistano,Cruzeiro
2026,Botafogo,Basket Osasco
2026,Flamengo,Pinheiros
2026,Corinthians,Minas
2026,Brasília,Franca
2026,Corinthians,União Corinthians
2026,Paulistano,Caxias do Sul Basquete
2026,Cruzeiro,Botafogo
2026,São José,Brasília
2026,Pinheiros,Bauru
2026,Basket Osasco,Franca
2026,Minas,Flamengo
2026,Mogi,Pato Basquete
2026,UNIFACISA,Basquete Cearense
2026,Minas,Botafogo
2026,Paulistano,União Corinthians
2026,Cruzeiro,Flamengo
2026,São José,Pato Basquete
2026,Corinthians,Caxias do Sul Basquete
2026,Mogi,Brasília
2026,Pinheiros,Franca
2026,Basket Osasco,Bauru
