Season,Time,Elo
2025,Vasco da Gama,1560.9672599491025
2025,Basquete Cearense,1487.6435313087827
2025,Cruzeiro,1468.136694457012
2025,São José,1568.1158240543828
2025,Bauru,1613.7578622498854
2025,Flamengo,1825.0383933017413
2025,Minas,1860.5717592428744
2025,Corinthians,1615.1228570856133
2025,Rio Claro,1354.0263440011329
2025,Pinheiros,1645.7479686430445
2025,Basket Osasco,1492.188354553676
2025,Franca,1925.197453390955
2025,Minas,1864.6694649630945
2025,São José,1564.0181183341626
2025,Paulistano,1555.7817063997286
2025,Bauru,1590.974448495096
2025,Botafogo,1347.6475627189552
2025,Basquete Cearense,1509.2949398306519
2025,Caxias do Sul Basquete,1426.6791838533545
2025,Pato Basquete,1450.9404338259726
2025,Pinheiros,1631.8727564659903
2025,Franca,1939.072665568009
2025,Flamengo,1830.3189916167798
2025,UNIFACISA,1548.6326543646333
2025,Cruzeiro,1445.4984112000147
2025,Corinthians,1637.7611403426106
2025,Brasília,1445.2838952908949
2025,Basket Osasco,1471.9863606818903
2025,Botafogo,1380.1781534557624
2025,Vasco da Gama,1528.4366692122953
2025,Minas,1866.485361974192
2025,Mogi,1397.381332596352
2025,União Corinthians,1504.514450098159
2025,Pato Basquete,1436.793306387439
2025,Flamengo,1834.7850069153974
2025,Basquete Cearense,1504.8289245320343
2025,Pinheiros,1648.4678196680586
2025,Bauru,1574.3793852930278
2025,Paulistano,1548.6868646348576
2025,Franca,1946.16750733288
2025,Vasco da Gama,1500.419792349844
2025,UNIFACISA,1576.6495312270845
2025,Cruzeiro,1408.2665934124861
2025,Mogi,1434.6131503838806
2025,Basket Osasco,1446.510867901567
2025,Bauru,1599.8548780733513
2025,Brasília,1459.45239251318
2025,Rio Claro,1339.8578467788477
2025,Botafogo,1361.4711623253056
2025,UNIFACISA,1595.3565223575413
2025,Pato Basquete,1431.3422700740068
2025,Minas,1871.9363982876243
2025,São José,1576.8431449528318
2025,Vasco da Gama,1487.594765731175
2025,Franca,1904.025403404134
2025,Caxias do Sul Basquete,1468.8212877821004
2025,Bauru,1611.8416076883884
2025,União Corinthians,1492.5277204831218
2025,Rio Claro,1368.0976885935568
2025,Paulistano,1520.4470228201485
2025,Mogi,1449.7518684751337
2025,Botafogo,1346.3324442340524
2025,São José,1561.8221361288506
2025,Flamengo,1849.8060157393786
2025,Pato Basquete,1402.3061058118649
2025,Cruzeiro,1437.302757674628
2025,Corinthians,1647.8344089462976
2025,Vasco da Gama,1477.521497127488
2025,Franca,1906.6806303774592
2025,União Corinthians,1489.8724935097966
2025,Bauru,1621.835125246524
2025,Caxias do Sul Basquete,1458.8277702239648
2025,Rio Claro,1345.8911460008228
2025,Basket Osasco,1468.717410494301
2025,Brasília,1482.808836925763
2025,Paulistano,1497.0905784075655
2025,UNIFACISA,1608.2910927375456
2025,Basquete Cearense,1491.89435415203
2025,Corinthians,1628.3800770023809
2025,Flamengo,1869.2603476832953
2025,Cruzeiro,1431.0860463154543
2025,Minas,1878.1531096467982
2025,Brasília,1465.1887160984734
2025,Pinheiros,1666.0879404953482
2025,Mogi,1471.1187973793203
2025,Vasco da Gama,1456.1545682233013
2025,São José,1568.9997139417892
2025,Botafogo,1339.1548664211139
2025,Caxias do Sul Basquete,1470.4699621957034
2025,Rio Claro,1334.2489540290842
2025,Mogi,1464.5167033445582
2025,Flamengo,1875.8624417180574
2025,Corinthians,1633.3807516287204
2025,Botafogo,1334.1541917947743
2025,Cruzeiro,1457.3356251822975
2025,Bauru,1595.5855463796809
2025,Pinheiros,1674.087360364465
2025,Basket Osasco,1460.7179906251843
2025,Minas,1899.0013658568016
2025,Franca,1885.8323741674558
2025,Paulistano,1519.8317438932818
2025,São José,1546.258548456073
2025,Vasco da Gama,1423.1152180143017
2025,Pato Basquete,1435.3454560208645
2025,Basquete Cearense,1468.848713700792
2025,Corinthians,1656.4263920799585
2025,Basket Osasco,1453.2136527158157
2025,Flamengo,1883.366779627426
2025,Caxias do Sul Basquete,1434.728778356737
2025,Brasília,1500.9298999374398
2025,União Corinthians,1498.8788257987474
2025,Rio Claro,1325.2426217401335
2025,Cruzeiro,1450.8479999043038
2025,Franca,1892.3199994454494
2025,Paulistano,1546.7794829644558
2025,Pinheiros,1647.139621293291
2025,UNIFACISA,1567.7736743331911
2025,Mogi,1505.0341217489126
2025,União Corinthians,1516.3718171329913
2025,Brasília,1483.436908603196
2025,Botafogo,1358.3545315274891
2025,Pato Basquete,1411.1451162881497
2025,Rio Claro,1321.838335743053
2025,Minas,1902.405651853882
2025,UNIFACISA,1539.3758406931029
2025,Corinthians,1684.8242257200468
2025,Pinheiros,1654.8016158315463
2025,Caxias do Sul Basquete,1427.0667838184816
2025,Flamengo,1885.3644148669055
2025,Pato Basquete,1409.1474810486702
2025,Basket Osasco,1427.0864797449553
2025,Paulistano,1572.9066559353162
2025,Basquete Cearense,1441.8399091024978
2025,Mogi,1532.0429263472067
2025,Franca,1893.7141150728307
2025,Botafogo,1356.9604159001078
2025,Brasília,1520.8114997869577
2025,Minas,1865.0310606701203
2025,Pinheiros,1665.4900837433167
2025,União Corinthians,1505.6833492212209
2025,Corinthians,1695.2654443783247
2025,São José,1535.817329797795
2025,Rio Claro,1350.9521046248935
2025,Cruzeiro,1421.7342310224633
2025,Franca,1860.0759071438176
2025,Flamengo,1919.0026227959186
2025,Basket Osasco,1444.6340738644542
2025,Vasco da Gama,1405.5676238948029
2025,Pato Basquete,1385.4038999583904
2025,UNIFACISA,1563.1194217833827
2025,Bauru,1600.986247612354
2025,Botafogo,1351.5597146674347
2025,Paulistano,1588.2864117495094
2025,União Corinthians,1490.3035934070276
2025,Pato Basquete,1404.9290592179918
2025,Basquete Cearense,1422.3147498428964
2025,Mogi,1541.3091685759578
2025,Rio Claro,1341.6858623961425
2025,Brasília,1533.2747375906583
2025,Cruzeiro,1409.2709932187627
2025,Paulistano,1579.2092793563606
2025,Flamengo,1928.0797551890673
2025,Minas,1867.2534657839567
2025,Basket Osasco,1442.4116687506178
2025,Bauru,1609.3140217236328
2025,Vasco da Gama,1397.239849783524
2025,UNIFACISA,1533.8511546424018
2025,São José,1565.085596938776
2025,Franca,1862.19233959333
2025,Vasco da Gama,1395.1234173340117
2025,União Corinthians,1502.4788599968222
2025,Caxias do Sul Basquete,1414.891517228687
2025,Mogi,1552.482293540495
2025,Pato Basquete,1393.7559342534546
2025,Cruzeiro,1431.0371674071087
2025,Basket Osasco,1420.6454945622718
2025,Minas,1872.587030690177
2025,Paulistano,1573.8757144501403
2025,UNIFACISA,1558.637651618885
2025,Bauru,1584.5275247471495
2025,Basquete Cearense,1400.6078312753732
2025,São José,1586.7925155062992
2025,Botafogo,1331.9839442342834
2025,Brasília,1552.8505080238097
2025,Corinthians,1700.055030438132
2025,Pato Basquete,1388.9663481936473
2025,Flamengo,1887.3855441478674
2025,Brasília,1593.5447190650095
2025,Basquete Cearense,1433.4509889128472
2025,Bauru,1551.6843671096756
2025,UNIFACISA,1546.5957216175996
2025,Franca,1874.2342695946154
2025,Cruzeiro,1407.6419193750723
2025,Paulistano,1597.2709624821766
2025,Botafogo,1351.115313792915
2025,Rio Claro,1322.554492837511
2025,Minas,1833.5386701877064
2025,Pinheiros,1704.5384442457873
2025,Basket Osasco,1391.0381846523367
2025,Caxias do Sul Basquete,1444.4988271386221
2025,Mogi,1568.7958915483036
2025,União Corinthians,1486.1652619890135
2025,Flamengo,1888.4703779374433
2025,Rio Claro,1321.469659047935
2025,São José,1594.7272279165397
2025,Pato Basquete,1381.0316357834067
2025,Minas,1838.284800630137
2025,Bauru,1546.938236667245
2025,Paulistano,1606.8221680003176
2025,Caxias do Sul Basquete,1434.9476216204812
2025,Cruzeiro,1395.1478166291536
2025,Pinheiros,1717.032546991706
2025,Basquete Cearense,1427.1747883919347
2025,Franca,1880.5104701155278
2025,Vasco da Gama,1375.664235022242
2025,Brasília,1613.0039013767791
2025,Basket Osasco,1413.033023191624
2025,União Corinthians,1464.1704234497263
2025,Mogi,1548.4898473252508
2025,Corinthians,1720.3610746611848
2025,Vasco da Gama,1344.0587940277453
2025,Rio Claro,1353.0751000424318
2025,Caxias do Sul Basquete,1451.0161343546458
2025,Cruzeiro,1379.079303894989
2025,Basket Osasco,1427.0095509456944
2025,Botafogo,1337.1387860388445
2025,Franca,1889.5538967475409
2025,Corinthians,1711.3176480291718
2025,Bauru,1519.223339284521
2025,São José,1622.4421252992638
2025,Caxias do Sul Basquete,1442.6146785568483
2025,Minas,1846.6862564279345
2025,União Corinthians,1477.1057293328063
2025,Cruzeiro,1366.143998011909
2025,Pinheiros,1748.4894821577732
2025,Flamengo,1857.0134427713763
2025,Paulistano,1612.5802036281573
2025,Botafogo,1331.3807504110048
2025,Basket Osasco,1401.5426732220371
2025,Mogi,1573.956725048908
2025,Rio Claro,1335.296922689735
2025,UNIFACISA,1564.3738989702963
2025,Brasília,1621.4141950457663
2025,Basquete Cearense,1418.7644947229476
2025,Franca,1895.2792015222942
2025,São José,1616.7168205245105
2025,União Corinthians,1469.3059750263403
2025,Minas,1854.4860107344005
2025,Brasília,1634.2736822381557
2025,UNIFACISA,1551.5144117779068
2025,Flamengo,1859.6850435538518
2025,Caxias do Sul Basquete,1439.9430777743728
2025,Pato Basquete,1414.3131059286284
2025,Paulistano,1579.2987334829356
2025,Rio Claro,1356.5439227966945
2025,Basquete Cearense,1397.5174946159882
2025,Botafogo,1308.622335738823
2025,Caxias do Sul Basquete,1462.7014924465545
2025,Rio Claro,1329.142801359212
2025,Pato Basquete,1441.714227366111
2025,Basquete Cearense,1415.1373781814125
2025,Basket Osasco,1383.9227896566128
2025,Bauru,1550.6990978277397
2025,Corinthians,1679.841889485953
2025,São José,1636.5326710999107
2025,Brasília,1614.4578316627556
2025,Pinheiros,1757.3683613642252
2025,Mogi,1565.077845842456
2025,Paulistano,1539.3797911940935
2025,Vasco da Gama,1383.9777363165874
2025,Bauru,1568.0347045389703
2025,Mogi,1547.7422391312255
2025,São José,1641.3533104077765
2025,Rio Claro,1324.3221620513461
2025,UNIFACISA,1560.8861012303007
2025,Basket Osasco,1374.551100204219
2025,Corinthians,1694.1289870516441
2025,Brasília,1600.1707340970645
2025,Pinheiros,1760.546428574691
2025,Vasco da Gama,1380.7996691061217
2025,Botafogo,1286.3158841046504
2025,União Corinthians,1491.612426660513
2025,Basquete Cearense,1390.046451197694
2025,Paulistano,1564.470718177812
2025,Pato Basquete,1419.1180721471808
2025,Bauru,1590.6308597579005
2025,Corinthians,1697.2646232083132
2025,Rio Claro,1321.186525894677
2025,São José,1598.6381568736351
2025,Caxias do Sul Basquete,1505.4166459806959
2025,UNIFACISA,1542.8668216315991
2025,Pinheiros,1778.5657081733925
2025,Mogi,1519.0699327894924
2025,Brasília,1628.8430404387975
2025,Cruzeiro,1380.3272742539211
2025,Botafogo,1272.1326078626382
2025,Vasco da Gama,1357.4323600126345
2025,União Corinthians,1514.979735754
2025,Basket Osasco,1365.4680734244535
2025,Corinthians,1706.3476499880787
2025,UNIFACISA,1562.6732818220196
2025,Paulistano,1544.6642579873915
2025,Flamengo,1863.4592056065546
2025,União Corinthians,1511.2055737012972
2025,Minas,1855.4171523959915
2025,Botafogo,1271.2014662010472
2025,Basquete Cearense,1381.027746366862
2025,Pinheiros,1787.5844130042246
2025,Pato Basquete,1413.5869382722042
2025,Franca,1900.8103353972708
2025,Vasco da Gama,1381.2109812556828
2025,Caxias do Sul Basquete,1481.6380247376476
2025,São José,1612.5063758000044
2025,Mogi,1505.2017138631231
2025,Franca,1905.3428172894685
2025,Bauru,1586.0983778657028
2025,Pato Basquete,1429.1286566023186
2025,Basket Osasco,1349.926355094339
2025,Caxias do Sul Basquete,1505.0259477885493
2025,UNIFACISA,1539.285358771118
2025,Cruzeiro,1375.2348538009876
2025,Flamengo,1868.5516260594882
2025,Minas,1857.2186481345313
2025,Vasco da Gama,1379.409485517143
2025,Pinheiros,1801.8794537075114
2025,Corinthians,1692.052609284792
2025,União Corinthians,1522.828052061505
2025,Basquete Cearense,1369.405268006654
2025,Bauru,1591.8019236143832
2025,Rio Claro,1315.4829801459966
2025,Minas,1830.1395523679757
2025,Flamengo,1895.6307218260438
2025,Franca,1908.2218375648486
2025,Mogi,1502.322693587743
2025,Paulistano,1571.1605431934304
2025,Corinthians,1665.556324078753
2025,Caxias do Sul Basquete,1515.7404212151762
2025,Basquete Cearense,1358.6907945800272
2025,União Corinthians,1541.255727342904
2025,UNIFACISA,1520.857683489719
2025,Cruzeiro,1391.9429571362853
2025,Vasco da Gama,1362.7013821818452
2025,Pinheiros,1810.146912185038
2025,São José,1604.2389173224778
2025,Brasília,1636.7049428851567
2025,Pato Basquete,1421.2667541559595
2025,Corinthians,1676.2997324876537
2025,Caxias do Sul Basquete,1504.9970128062755
2025,Basquete Cearense,1353.1177419671835
2025,Minas,1835.7126049808194
2025,Franca,1913.3746844873283
2025,Brasília,1631.552095962677
2025,Paulistano,1585.434553780015
2025,Mogi,1488.0486830011585
2025,Pinheiros,1811.4115074136491
2025,Botafogo,1269.936870972436
2025,São José,1616.4269690153342
2025,União Corinthians,1529.0676756500477
2025,Vasco da Gama,1358.5942951303632
2025,Flamengo,1899.7378088775258
2025,UNIFACISA,1531.18275750297
2025,Cruzeiro,1381.6178831230343
2025,Franca,1914.2391211130298
2025,Rio Claro,1314.6185435202951
2025,Basquete Cearense,1323.7126311282755
2025,Cruzeiro,1411.0229939619423
2025,Bauru,1564.4623664334906
2025,Brasília,1658.8916531435696
2025,Pato Basquete,1412.619160300523
2025,Pinheiros,1820.0591012690857
2025,Basket Osasco,1335.206731311794
2025,São José,1631.146592797879
2025,UNIFACISA,1520.1915587883957
2025,Minas,1846.7038036953936
2025,Mogi,1507.9493273729643
2025,Caxias do Sul Basquete,1485.0963684344697
2025,Flamengo,1900.55467123049
2025,Botafogo,1269.120008619472
2025,Corinthians,1686.1844050979532
2025,União Corinthians,1519.1830030397482
2025,UNIFACISA,1555.0659201597912
2025,Flamengo,1865.6803098590945
2025,Franca,1915.3209392658805
2025,Basket Osasco,1334.1249131589434
2025,Corinthians,1664.3133938287688
2025,Minas,1868.574814964578
2025,São José,1645.703548468557
2025,Paulistano,1570.877598109337
2025,Pato Basquete,1386.9916830525203
2025,Caxias do Sul Basquete,1510.7238456824723
2025,Rio Claro,1304.2140292142574
2025,Brasília,1669.2961674496073
2025,Basquete Cearense,1320.2001806270666
2025,Flamengo,1869.1927603603033
2025,Corinthians,1670.204058597042
2025,Cruzeiro,1405.1323291936692
2025,Franca,1927.9930593525646
2025,Pinheiros,1807.3869811824015
2025,Mogi,1550.1928397536071
2025,Minas,1826.3313025839352
2025,Bauru,1570.8145140556535
2025,Basket Osasco,1327.7727655367805
2025,UNIFACISA,1561.9189150429922
2025,Vasco da Gama,1351.7413002471621
2025,Bauru,1603.9526093468385
2025,Pinheiros,1774.2488858912166
2025,Pato Basquete,1364.805656823261
2025,União Corinthians,1541.3690292690076
2025,Brasília,1678.6712137384595
2025,Caxias do Sul Basquete,1501.34879939362
2025,Basquete Cearense,1292.327826644529
2025,Vasco da Gama,1379.6136542296997
2025,UNIFACISA,1566.5889109618886
2025,Botafogo,1264.4500127005756
2025,Flamengo,1876.3998071991857
2025,Corinthians,1662.9970117581595
2025,São José,1651.6564837303563
2025,Cruzeiro,1399.17939393187
2025,Bauru,1574.3705054867492
2025,Paulistano,1600.4597019694263
2025,Basquete Cearense,1307.1325044708735
2025,Botafogo,1249.6453348742311
2025,Basket Osasco,1317.228792403279
2025,Brasília,1689.2151868719611
2025,Pinheiros,1776.2312005630704
2025,Rio Claro,1302.2317145424036
2025,Vasco da Gama,1366.9932984779405
2025,Corinthians,1675.6173675099187
2025,União Corinthians,1578.7961176338601
2025,Franca,1890.565970987712
2025,São José,1633.637782412741
2025,Minas,1844.3500039015505
2025,Caxias do Sul Basquete,1478.8193776280327
2025,Bauru,1596.8999272523365
2025,Paulistano,1621.4253865188787
2025,Brasília,1668.2495023225088
2025,Botafogo,1244.0919788820283
2025,Corinthians,1681.1707235021215
2025,Cruzeiro,1414.614530938631
2025,Pato Basquete,1349.3705198164998
2025,Basquete Cearense,1293.8145384812274
2025,UNIFACISA,1579.9068769515347
2025,Basket Osasco,1288.6416096280313
2025,Rio Claro,1330.8188973176511
2025,Vasco da Gama,1348.5431235226856
2025,Mogi,1568.643014708862
2025,Minas,1845.8911732268853
2025,Pato Basquete,1347.829350491165
2025,União Corinthians,1596.3630788875682
2025,Bauru,1579.3329659986284
2025,Caxias do Sul Basquete,1471.0388371042166
2025,Franca,1898.3465115115282
2025,Botafogo,1285.7064377249349
2025,São José,1592.0233235698345
2025,Pinheiros,1787.2496219420036
2025,Brasília,1657.2310809435755
2025,Flamengo,1880.5458759846701
2025,Mogi,1564.4969459233776
2025,Pato Basquete,1316.209835236786
2025,Vasco da Gama,1380.1626387770648
2025,Franca,1859.4549162523926
2025,Paulistano,1660.3169817780142
2025,Rio Claro,1357.306035953126
2025,Caxias do Sul Basquete,1444.5516984687417
2025,Brasília,1672.6336047242626
2025,União Corinthians,1580.9605551068812
2025,São José,1596.7950956096283
2025,Basquete Cearense,1289.0427664414335
2025,Basket Osasco,1283.7195345140744
2025,Pinheiros,1792.1716970559605
2025,Pato Basquete,1367.7714855308932
2025,Flamengo,1828.9842256905629
2025,Rio Claro,1388.6101088120233
2025,União Corinthians,1549.6564822479838
2025,Botafogo,1316.5164408289925
2025,Mogi,1533.68694281932
2025,Bauru,1587.3145017260572
2025,Cruzeiro,1406.6329952112023
2025,São José,1613.510083426499
2025,UNIFACISA,1563.191889134664
2025,Paulistano,1663.418530715701
2025,Basket Osasco,1280.6179855763876
2025,Brasília,1677.733845830179
2025,Vasco da Gama,1375.0623976711483
2025,Corinthians,1684.1345179647628
2025,Basquete Cearense,1286.0789719787922
2025,Corinthians,1694.5342186745222
2025,UNIFACISA,1552.7921884249047
2025,Mogi,1539.7501530881293
2025,Basquete Cearense,1280.0157617099828
2025,Bauru,1624.420719231889
2025,Minas,1808.7849557210534
2025,Caxias do Sul Basquete,1435.2030212515465
2025,Pinheiros,1801.5203742731558
2025,União Corinthians,1525.4175545334706
2025,Paulistano,1687.6574584302143
2025,Vasco da Gama,1361.5998462170492
2025,São José,1626.9726348805982
2025,Mogi,1557.6769694175855
2025,UNIFACISA,1534.8653720954485
2025,Pato Basquete,1383.8385806173105
2025,Botafogo,1300.4493457425751
2025,Franca,1875.0906409395386
2025,Minas,1793.1492310339074
2025,Caxias do Sul Basquete,1469.2727806324415
2025,Paulistano,1653.5876990493193
2025,União Corinthians,1560.81017016369
2025,Pinheiros,1766.1277586429364
2025,Flamengo,1836.3806015660255
2025,São José,1619.5762590051356
2025,Franca,1877.090374789319
2025,Cruzeiro,1404.633261361422
2025,Rio Claro,1430.4575776787667
2025,Flamengo,1794.533132699282
2025,Vasco da Gama,1346.5890911809072
2025,Bauru,1639.431474268031
2025,Mogi,1523.761682780006
2025,Cruzeiro,1438.5485479990016
2025,Minas,1802.5345128855886
2025,Brasília,1668.3485639784979
2025,Botafogo,1297.2007133766347
2025,Franca,1880.3390071552594
2025,Basquete Cearense,1303.6058203532632
2025,Pato Basquete,1360.2485219740302
2025,Corinthians,1702.9191728062565
2025,Mogi,1515.3767286482716
2025,Minas,1805.298390227751
2025,Rio Claro,1427.6937003366043
2025,Flamengo,1815.3151219912959
2025,Franca,1859.5570178632456
2025,Botafogo,1287.7621085861067
2025,Bauru,1648.870079058559
2025,Cruzeiro,1423.280427213844
2025,Brasília,1683.6166847636555
2025,Pinheiros,1777.7006576874937
2025,Paulistano,1642.014800004762
2025,São José,1593.960772918455
2025,Corinthians,1728.5346588929372
2025,União Corinthians,1565.4173621657972
2025,Basket Osasco,1276.0107935742803
2025,Flamengo,1773.1142771353611
2025,Bauru,1691.0709239144937
2025,Cruzeiro,1442.4150202860485
2025,Rio Claro,1408.5591072643997
2025,UNIFACISA,1543.7406876831924
2025,Pato Basquete,1351.3732063862863
2025,Vasco da Gama,1342.6259135059727
2025,Franca,1863.5201955381801
2025,Paulistano,1673.612548413927
2025,Minas,1773.700641818586
2025,Caxias do Sul Basquete,1477.4782277186707
2025,Basket Osasco,1267.805346488051
2025,Mogi,1538.8376754770072
2025,São José,1570.4998260897194
2025,Rio Claro,1375.9026391470559
2025,Botafogo,1320.4185767034505
2025,Bauru,1694.2481918849307
2025,Basquete Cearense,1300.4285523828262
2025,Caxias do Sul Basquete,1451.6107271153944
2025,União Corinthians,1591.2848627690735
2025,São José,1575.2139802282459
2025,Basket Osasco,1263.0911923495246
2025,Mogi,1523.8768947555063
2025,Pinheiros,1792.6614384089946
2025,Paulistano,1683.755383371421
2025,UNIFACISA,1533.5978527256984
2025,Rio Claro,1390.0494892476586
2025,Vasco da Gama,1328.47906340537
2025,Brasília,1686.7035399487406
2025,Botafogo,1317.3317215183654
2025,Basket Osasco,1244.1327239662903
2025,Cruzeiro,1461.3734886692828
2025,Pato Basquete,1342.9424185156502
2025,Corinthians,1736.9654467635733
2025,Pinheiros,1794.181923513409
2025,Basquete Cearense,1298.9080672784119
2025,União Corinthians,1596.8484366461337
2025,Vasco da Gama,1322.9154895283098
2025,Caxias do Sul Basquete,1426.418770768234
2025,Mogi,1549.0688511026667
2025,UNIFACISA,1542.814639160558
2025,Rio Claro,1380.832702812799
2025,Paulistano,1647.5908424481127
2025,Cruzeiro,1497.538029592591
2025,Caxias do Sul Basquete,1436.6710628008136
2025,Vasco da Gama,1312.6631974957302
2025,Basquete Cearense,1290.0585021501663
2025,Brasília,1695.5531050769862
2025,São José,1549.556654931664
2025,Bauru,1719.9055171815126
2025,Botafogo,1330.1343486967996
2025,Basket Osasco,1231.330096787856
2025,Pinheiros,1799.1547873029908
2025,Cruzeiro,1492.5651658030092
2025,Basquete Cearense,1262.5735141229543
2025,Rio Claro,1408.317690840011
2025,Pato Basquete,1325.740814477654
2025,Mogi,1566.2704551406628
2025,Corinthians,1755.1772765824173
2025,Bauru,1701.6936873626685
2025,Vasco da Gama,1323.9476427649226
2025,Basket Osasco,1220.0456515186636
2025,UNIFACISA,1569.6628664908808
2025,Brasília,1668.7048777466634
2025,Botafogo,1324.2494262874163
2025,Pinheiros,1805.0397097123741
2025,Paulistano,1653.9641335283773
2025,Rio Claro,1401.9443997597464
2025,Basket Osasco,1237.5272060085417
2025,Basquete Cearense,1245.0919596330762
2025,Cruzeiro,1457.4183372494786
2025,Caxias do Sul Basquete,1471.8178913543443
2025,Minas,1782.1439146669811
2025,União Corinthians,1588.4051637977386
2025,Pato Basquete,1309.4642987681912
2025,São José,1565.833170641127
2025,Flamengo,1791.9334284314764
2025,Pinheiros,1786.2205584162589
2025,Minas,1786.234357239787
2025,Caxias do Sul Basquete,1467.7274487815384
2025,Franca,1868.5052280773557
2025,UNIFACISA,1564.6778339517052
2025,Paulistano,1656.58486535043
2025,Basquete Cearense,1242.4712278110235
2025,Cruzeiro,1438.3691419688819
2025,União Corinthians,1607.4543590783353
2025,Rio Claro,1382.542035876316
2025,Mogi,1585.672819024093
2025,Flamengo,1793.1762839230405
2025,Basket Osasco,1236.2843505169776
2025,Brasília,1693.6930642752468
2025,Corinthians,1730.189090053834
2025,Vasco da Gama,1318.1057155318397
2025,Pinheiros,1792.0624856493419
2025,Bauru,1712.0552404045052
2025,UNIFACISA,1554.3162809098685
2025,Caxias do Sul Basquete,1434.1711492982954
2025,Botafogo,1357.8057257706594
2025,Franca,1869.3550271397476
2025,Basquete Cearense,1241.6214287486316
2025,Basket Osasco,1232.7320686828573
2025,Minas,1789.7866390739073
2025,Rio Claro,1364.3790286182434
2025,São José,1583.9961778991997
2025,Flamengo,1802.692870587136
2025,Paulistano,1647.0682786863345
2025,Brasília,1704.0405871083553
2025,Mogi,1575.3252961909845
2025,União Corinthians,1564.9046482923857
2025,Botafogo,1400.355436556609
2025,Bauru,1714.8960608560744
2025,Pato Basquete,1306.623478316622
2025,Corinthians,1710.3855150558225
2025,Franca,1889.158602137759
2025,Pinheiros,1809.016298676808
2025,Minas,1772.8328260464411
2025,Brasília,1725.6232083306736
2025,Flamengo,1781.1102493648177
2025,União Corinthians,1595.7636464556801
2025,Flamengo,1750.2512512015232
2025,Minas,1776.7211788117738
2025,Cruzeiro,1434.4807892035492
2025,São José,1573.8184488121349
2025,Franca,1899.3363312248239
2025,Vasco da Gama,1306.578131034757
2025,Paulistano,1658.5958631834171
2025,Pinheiros,1813.9945099582512
2025,UNIFACISA,1549.3380696284253
2025,Mogi,1602.5418356917164
2025,Bauru,1687.6795213553426
2025,Caxias do Sul Basquete,1467.8079852869585
2025,Flamengo,1716.6144152128602
2025,Pato Basquete,1299.8214265539402
2025,Brasília,1732.4252600933553
2025,Rio Claro,1354.8325227105875
2025,Corinthians,1719.9320209634784
2025,Basket Osasco,1220.3082810036517
2025,UNIFACISA,1561.7618573076309
2025,Botafogo,1385.5366792426494
2025,Paulistano,1673.4146204973767
2025,Mogi,1591.4041288677531
2025,Franca,1910.4740380487872
2025,Vasco da Gama,1300.894121518501
2025,Minas,1782.40518832803
2025,Corinthians,1742.8666374017896
2025,Pinheiros,1791.05989351994
2025,Basquete Cearense,1275.5771656535082
2025,União Corinthians,1561.8079095508035
2025,Bauru,1672.5804319472577
2025,Franca,1925.573127456872
2025,Basquete Cearense,1255.537315749238
2025,Caxias do Sul Basquete,1487.8478351912288
2025,Pato Basquete,1272.2292814392024
2025,Rio Claro,1382.4246678253253
2025,Flamengo,1690.1297390406392
2025,Minas,1808.889864500251
2025,Botafogo,1406.8891305785523
2025,Cruzeiro,1413.1283378676462
2025,UNIFACISA,1579.9330878217365
2025,União Corinthians,1543.6366790366978
2025,Brasília,1741.7987879414832
2025,São José,1564.444920964007
2025,Corinthians,1744.271748788226
2025,Basket Osasco,1218.9031696172153
2025,Flamengo,1694.9965483867045
2025,Cruzeiro,1408.2615285215809
2025,Botafogo,1398.583066065002
2025,Minas,1817.1959290138013
2025,Franca,1926.2917128011936
2025,Pato Basquete,1271.5106960948808
2025,UNIFACISA,1542.3664631564247
2025,Caxias do Sul Basquete,1525.4144598565406
2025,Corinthians,1711.000497729599
2025,Paulistano,1706.6858715560038
2025,São José,1592.653535331525
2025,Pinheiros,1762.851279152422
2025,União Corinthians,1516.821664633194
2025,Mogi,1618.219143271257
2025,Vasco da Gama,1275.1553573019537
2025,Cruzeiro,1434.000292738128
2025,Basket Osasco,1240.286519003415
2025,Pato Basquete,1250.1273467086812
2025,Botafogo,1386.0626637932664
2025,Flamengo,1707.51695065844
2025,Rio Claro,1378.8204510925798
2025,Franca,1929.8959295339391
2025,Minas,1777.2033511070365
2025,UNIFACISA,1582.3590410631896
2025,Flamengo,1709.89533683557
2025,Vasco da Gama,1272.7769711248236
2025,Minas,1778.7002841130948
2025,Basquete Cearense,1254.0403827431796
2025,Cruzeiro,1412.457686245129
2025,UNIFACISA,1603.9016475561887
2025,Brasília,1724.2583255674178
2025,Franca,1947.4363919080045
2025,União Corinthians,1499.3563604181857
2025,Corinthians,1728.4658019446072
2025,Caxias do Sul Basquete,1501.0095087876643
2025,São José,1617.0584864004013
2025,Mogi,1643.1952429898847
2025,Paulistano,1681.7097718373761
2025,Rio Claro,1420.4218780698027
2025,Bauru,1630.9790049700348
2025,Cruzeiro,1421.5750332356433
2025,Basquete Cearense,1244.9230357526653
2025,Pinheiros,1764.4315043924405
2025,Pato Basquete,1248.5471214686627
2025,Caxias do Sul Basquete,1484.3672052207153
2025,Corinthians,1745.1081055115562
2025,União Corinthians,1525.352475274666
2025,São José,1591.062371543921
2025,Mogi,1600.9178165241967
2025,Basket Osasco,1282.563945469103
2025,Vasco da Gama,1300.2156602569185
2025,Botafogo,1358.6239746611716
2025,Brasília,1737.8328128954702
2025,Bauru,1617.4045176419825
2025,Paulistano,1684.0872498366668
2025,Pato Basquete,1246.169643469372
2025,Corinthians,1755.090504144669
2025,UNIFACISA,1593.9192489230759
2025,Pinheiros,1768.1770360267512
2025,Rio Claro,1416.676346435492
2025,Minas,1781.8336322272824
2025,Cruzeiro,1418.4416851214557
2025,Paulistano,1696.4447176299245
2025,Bauru,1605.0470498487248
2025,Flamengo,1718.846190028977
2025,União Corinthians,1516.4016220812591
2025,Franca,1948.4497500488526
2025,Botafogo,1357.6106165203234
2025,São José,1561.8073305911398
2025,Mogi,1630.172857476978
2025,Brasília,1743.5522838637519
2025,Caxias do Sul Basquete,1478.6477342524336
2025,UNIFACISA,1623.275949685783
2025,Corinthians,1725.733803381962
2025,Bauru,1578.403434299742
2025,Paulistano,1723.0883331789073
2025,Cruzeiro,1461.3328998199129
2025,Minas,1738.9424175288252
2025,Rio Claro,1407.259158543603
2025,Pinheiros,1777.5942239186402
2025,Caxias do Sul Basquete,1465.0061561503442
2025,Brasília,1757.1938619658413
2025,Mogi,1642.7462063028186
2025,São José,1549.2339817652992
2025,União Corinthians,1543.303280049714
2025,Flamengo,1691.944532060522
2025,Botafogo,1354.8125261597224
2025,Franca,1951.2478404094536
2025,UNIFACISA,1601.1260654197795
2025,Corinthians,1747.8836876479654
2025,Cruzeiro,1446.889371706186
2025,Minas,1753.385945642552
2025,Rio Claro,1398.9848305997573
2025,Pinheiros,1785.868551862486
2025,Bauru,1607.3367518270788
2025,Paulistano,1694.1550156515705
2025,Mogi,1655.2206891673666
2025,São José,1536.7594989007512
2025,Caxias do Sul Basquete,1498.5320596426855
2025,Brasília,1723.6679584735
2025,União Corinthians,1521.2191493515695
2025,Flamengo,1714.0286627586665
2025,Botafogo,1352.330968581908
2025,Franca,1953.729397987268
2025,Corinthians,1757.6132317444858
2025,UNIFACISA,1591.396521323259
2025,Minas,1757.7792119962783
2025,Cruzeiro,1442.4961053524598
2025,Paulistano,1706.7398921725612
2025,Bauru,1594.751875306088
2025,Flamengo,1722.5652015490987
2025,União Corinthians,1512.6826105611374
2025,Brasília,1729.2445351416854
2025,Caxias do Sul Basquete,1492.9554829745
2025,Minas,1725.7649574601157
2025,Corinthians,1789.6274862806483
2025,Pinheiros,1798.873288935343
2025,Paulistano,1693.7351550997041
2025,Franca,1914.3663103619801
2025,Mogi,1694.5837767926544
2025,Brasília,1745.6303918722833
2025,Flamengo,1706.1793448185008
2025,Paulistano,1669.6521867869214
2025,Pinheiros,1822.9562572481254
2025,Corinthians,1755.4389141021413
2025,Minas,1759.9535296386227
2025,Flamengo,1727.9387212448964
2025,Brasília,1723.8710154458877
2025,Mogi,1676.1265727311707
2025,Franca,1932.8235144234638
2025,Corinthians,1772.821242036167
2025,Minas,1742.5712017045971
2025,Paulistano,1648.457909845839
2025,Pinheiros,1844.150534189208
2025,Mogi,1660.8701226478524
2025,Franca,1948.079964506782
2025,Flamengo,1696.3837962525824
2025,Brasília,1755.4259404382017
2025,Minas,1712.3333827258284
2025,Corinthians,1803.0590610149357
2025,Franca,1902.118215678682
2025,Mogi,1706.8318714759525
2025,Brasília,1720.5129948736726
2025,Flamengo,1731.2967418171115
2025,Franca,1908.578738217652
2025,Mogi,1700.3713489369825
2025,Brasília,1737.2150763855093
2025,Flamengo,1714.5946603052748
2025,Franca,1917.1548164143996
2025,Brasília,1728.6389981887617
2025,Pinheiros,1861.0588807704883
2025,Corinthians,1786.1507144336554
2025,Corinthians,1810.1215986743343
2025,Pinheiros,1837.0879965298093
2025,Brasília,1761.4934943641665
2025,Franca,1884.3003202389948
2025,Corinthians,1784.8808717044913
2025,Pinheiros,1862.3287234996524
2025,Brasília,1736.9208991778069
2025,Franca,1908.8729154253544
2025,Franca,1873.0302459235666
2025,Brasília,1772.7635686795948
2025,Pinheiros,1875.806436064061
2025,Corinthians,1771.4031591400826
2025,Franca,1883.429074958074
2025,Brasília,1762.3647396450874
2025,Franca,1900.739389128356
2025,Pinheiros,1858.496121893779
2025,Pinheiros,1832.5138470018896
2025,Franca,1926.7216640202453
2025,Pinheiros,1853.819336869302
2025,Franca,1905.4161741528328
2025,Franca,1919.9961080716298
2025,Pinheiros,1839.239402950505
